{"cameraMode":{"drawMode":0,"name":"Shaded","section":"Shading Mode"},"sceneLighting":true,"audioPlay":false,"sceneViewState":{"showFog":true,"showMaterialUpdate":true,"showSkybox":true,"showFlares":true,"showImageEffects":true,"showParticleSystems":true},"in2DMode":false,"pivot":{"x":-4.389557838439941,"y":-0.4085521697998047,"z":-3.7592506408691408},"rotation":{"x":0.047121621668338779,"y":-0.9509360194206238,"z":0.1831183284521103,"w":0.24518048763275147},"size":13.171440124511719,"orthographic":false}