{"cameraMode":{"drawMode":0,"name":"Shaded","section":"Shading Mode"},"sceneLighting":true,"audioPlay":false,"sceneViewState":{"showFog":true,"showMaterialUpdate":true,"showSkybox":true,"showFlares":true,"showImageEffects":true,"showParticleSystems":true},"in2DMode":false,"pivot":{"x":-0.2494969367980957,"y":1.0348143577575684,"z":0.5821857452392578},"rotation":{"x":0.09090308099985123,"y":-0.9026034474372864,"z":0.348791241645813,"w":0.23563991487026215},"size":5.681718349456787,"orthographic":false}