{"cameraMode":{"drawMode":0,"name":"Shaded","section":"Shading Mode"},"sceneLighting":false,"audioPlay":false,"sceneViewState":{"showFog":false,"showMaterialUpdate":false,"showSkybox":false,"showFlares":false,"showImageEffects":false,"showParticleSystems":false},"in2DMode":false,"pivot":{"x":22.966571807861329,"y":56.73573684692383,"z":42.07318878173828},"rotation":{"x":0.0766410306096077,"y":0.16148775815963746,"z":-0.012443085201084614,"w":0.9839214086532593},"size":170.27432250976563,"orthographic":false}