{"cameraMode":{"drawMode":0,"name":"Shaded","section":"Shading Mode"},"sceneLighting":false,"audioPlay":false,"sceneViewState":{"showFog":false,"showMaterialUpdate":false,"showSkybox":false,"showFlares":false,"showImageEffects":false,"showParticleSystems":false},"in2DMode":false,"pivot":{"x":-0.02283865213394165,"y":0.6677788496017456,"z":-0.02498096227645874},"rotation":{"x":-0.20216400921344758,"y":-0.25886014103889468,"z":0.0555860735476017,"w":-0.9429775476455689},"size":1.2013829946517945,"orthographic":false}