{"cameraMode":{"drawMode":0,"name":"Shaded","section":"Shading Mode"},"sceneLighting":false,"audioPlay":false,"sceneViewState":{"showFog":false,"showMaterialUpdate":false,"showSkybox":false,"showFlares":false,"showImageEffects":false,"showParticleSystems":false},"in2DMode":false,"pivot":{"x":4.267517566680908,"y":5.8190460205078129,"z":-2.902564525604248},"rotation":{"x":-0.17096982896327973,"y":0.6971920728683472,"z":-0.17713068425655366,"w":-0.6734312176704407},"size":0.647339940071106,"orthographic":false}