{"cameraMode":{"drawMode":0,"name":"Shaded","section":"Shading Mode"},"sceneLighting":true,"audioPlay":false,"sceneViewState":{"showFog":false,"showMaterialUpdate":false,"showSkybox":false,"showFlares":false,"showImageEffects":false,"showParticleSystems":false},"in2DMode":false,"pivot":{"x":2605.158935546875,"y":-2590.121826171875,"z":771.1768188476563},"rotation":{"x":0.2944563925266266,"y":0.5388833284378052,"z":-0.20790508389472962,"w":0.7615107297897339},"size":2125.8544921875,"orthographic":false}