{"cameraMode":{"drawMode":0,"name":"Shaded","section":"Shading Mode"},"sceneLighting":false,"audioPlay":false,"sceneViewState":{"showFog":false,"showMaterialUpdate":false,"showSkybox":false,"showFlares":false,"showImageEffects":false,"showParticleSystems":false},"in2DMode":false,"pivot":{"x":0.00010675191879272461,"y":2.3684186935424806,"z":-2.1032602787017824},"rotation":{"x":0.046240076422691348,"y":0.9500616192817688,"z":-0.25803160667419436,"w":0.16987229883670808},"size":0.9473399519920349,"orthographic":false}