{"cameraMode":{"drawMode":0,"name":"Shaded","section":"Shading Mode"},"sceneLighting":true,"audioPlay":false,"sceneViewState":{"showFog":false,"showMaterialUpdate":false,"showSkybox":false,"showFlares":false,"showImageEffects":false,"showParticleSystems":false},"in2DMode":false,"pivot":{"x":0.9513925313949585,"y":-6.612486362457275,"z":1.174098014831543},"rotation":{"x":0.3078605532646179,"y":-0.09887111186981201,"z":0.032591287046670917,"w":0.9458408951759338},"size":13.683709144592286,"orthographic":false}