{"cameraMode":{"drawMode":0,"name":"Shaded","section":"Shading Mode"},"sceneLighting":false,"audioPlay":false,"sceneViewState":{"showFog":false,"showMaterialUpdate":false,"showSkybox":false,"showFlares":false,"showImageEffects":false,"showParticleSystems":false},"in2DMode":false,"pivot":{"x":25.88481903076172,"y":-180.63766479492188,"z":290.365234375},"rotation":{"x":-0.27777156233787539,"y":-0.041221704334020618,"z":0.011926021426916123,"w":-0.9597773551940918},"size":175.72625732421876,"orthographic":false}