{"cameraMode":{"drawMode":0,"name":"Shaded","section":"Shading Mode"},"sceneLighting":false,"audioPlay":false,"sceneViewState":{"showFog":false,"showMaterialUpdate":false,"showSkybox":false,"showFlares":false,"showImageEffects":false,"showParticleSystems":false},"in2DMode":false,"pivot":{"x":201.77593994140626,"y":-295.13525390625,"z":-49.06763458251953},"rotation":{"x":-0.2637844383716583,"y":-0.7133690118789673,"z":0.340454638004303,"w":-0.5529694557189941},"size":297.75164794921877,"orthographic":false}