{"cameraMode":{"drawMode":0,"name":"Shaded","section":"Shading Mode"},"sceneLighting":false,"audioPlay":false,"sceneViewState":{"showFog":false,"showMaterialUpdate":false,"showSkybox":false,"showFlares":false,"showImageEffects":false,"showParticleSystems":false},"in2DMode":false,"pivot":{"x":-0.1347496509552002,"y":3.5944700241088869,"z":3.5604100227355959},"rotation":{"x":0.46308666467666628,"y":0.2230641096830368,"z":-0.12158100306987763,"w":0.8492326736450195},"size":5.9348673820495609,"orthographic":false}