{"cameraMode":{"drawMode":0,"name":"Shaded","section":"Shading Mode"},"sceneLighting":true,"audioPlay":false,"sceneViewState":{"showFog":true,"showMaterialUpdate":true,"showSkybox":true,"showFlares":true,"showImageEffects":true,"showParticleSystems":true},"in2DMode":false,"pivot":{"x":2.591170310974121,"y":0.4458411633968353,"z":-4.1165056228637699},"rotation":{"x":0.22828710079193116,"y":-0.6513707637786865,"z":0.21536876261234284,"w":0.6909167170524597},"size":2.853248119354248,"orthographic":false}