{"cameraMode":{"drawMode":0,"name":"Shaded","section":"Shading Mode"},"sceneLighting":false,"audioPlay":false,"sceneViewState":{"showFog":true,"showMaterialUpdate":true,"showSkybox":false,"showFlares":true,"showImageEffects":true,"showParticleSystems":true},"in2DMode":false,"pivot":{"x":2.64884352684021,"y":1.8866353034973145,"z":1.6079972982406617},"rotation":{"x":-0.1518155336380005,"y":-0.783211350440979,"z":0.21013525128364564,"w":-0.5652561783790588},"size":1.521002173423767,"orthographic":false}