{"cameraMode":{"drawMode":0,"name":"Shaded","section":"Shading Mode"},"sceneLighting":true,"audioPlay":false,"sceneViewState":{"showFog":true,"showMaterialUpdate":true,"showSkybox":true,"showFlares":true,"showImageEffects":true,"showParticleSystems":true},"in2DMode":false,"pivot":{"x":-4.782530784606934,"y":-5.730260848999023,"z":-17.79216766357422},"rotation":{"x":0.07013046741485596,"y":-0.9232965111732483,"z":0.20379798114299775,"w":0.31814855337142947},"size":21.321462631225587,"orthographic":false}