{"cameraMode":{"drawMode":0,"name":"Shaded","section":"Shading Mode"},"sceneLighting":false,"audioPlay":false,"sceneViewState":{"showFog":false,"showMaterialUpdate":false,"showSkybox":false,"showFlares":false,"showImageEffects":false,"showParticleSystems":false},"in2DMode":false,"pivot":{"x":0.3138279914855957,"y":-0.18103742599487306,"z":-0.3270711898803711},"rotation":{"x":-0.3306868076324463,"y":-0.4292566180229187,"z":0.17257677018642426,"w":-0.822666585445404},"size":5.107395172119141,"orthographic":false}