{"cameraMode":{"drawMode":0,"name":"Shaded","section":"Shading Mode"},"sceneLighting":true,"audioPlay":false,"sceneViewState":{"showFog":false,"showMaterialUpdate":false,"showSkybox":false,"showFlares":false,"showImageEffects":false,"showParticleSystems":false},"in2DMode":false,"pivot":{"x":2516.822021484375,"y":-1740.8214111328125,"z":-981.583251953125},"rotation":{"x":0.16754218935966493,"y":0.7826010584831238,"z":-0.23790155351161958,"w":0.5505332946777344},"size":1793.5330810546875,"orthographic":false}