{"cameraMode":{"drawMode":0,"name":"Shaded","section":"Shading Mode"},"sceneLighting":true,"audioPlay":false,"sceneViewState":{"showFog":false,"showMaterialUpdate":false,"showSkybox":false,"showFlares":false,"showImageEffects":false,"showParticleSystems":false},"in2DMode":false,"pivot":{"x":-6.449252128601074,"y":-1.5867599248886109,"z":6.485589981079102},"rotation":{"x":-0.07984451204538346,"y":0.2960827946662903,"z":-0.024880586192011834,"w":-0.9516555070877075},"size":5.654037952423096,"orthographic":false}