{"cameraMode":{"drawMode":0,"name":"Shaded","section":"Shading Mode"},"sceneLighting":true,"audioPlay":false,"sceneViewState":{"showFog":false,"showMaterialUpdate":false,"showSkybox":false,"showFlares":false,"showImageEffects":false,"showParticleSystems":false},"in2DMode":false,"pivot":{"x":9.542428016662598,"y":-2.7220780849456789,"z":-13.77187728881836},"rotation":{"x":0.20790326595306397,"y":-0.4586533010005951,"z":0.1116829589009285,"w":0.8568676710128784},"size":15.955958366394043,"orthographic":false}