{"cameraMode":{"drawMode":0,"name":"Shaded","section":"Shading Mode"},"sceneLighting":false,"audioPlay":false,"sceneViewState":{"showFog":false,"showMaterialUpdate":false,"showSkybox":false,"showFlares":false,"showImageEffects":false,"showParticleSystems":false},"in2DMode":false,"pivot":{"x":-57.74603271484375,"y":-43.73347091674805,"z":29.483091354370118},"rotation":{"x":-0.3306868076324463,"y":-0.4292566180229187,"z":0.17257677018642426,"w":-0.822666585445404},"size":42.43022155761719,"orthographic":false}