{"cameraMode":{"drawMode":0,"name":"Shaded","section":"Shading Mode"},"sceneLighting":true,"audioPlay":false,"sceneViewState":{"showFog":true,"showMaterialUpdate":true,"showSkybox":true,"showFlares":true,"showImageEffects":true,"showParticleSystems":true},"in2DMode":false,"pivot":{"x":-12.505231857299805,"y":-3.6508660316467287,"z":30.33513641357422},"rotation":{"x":0.09134814888238907,"y":-0.19640031456947328,"z":0.01837833784520626,"w":0.9761138558387756},"size":17.117595672607423,"orthographic":false}