{"cameraMode":{"drawMode":0,"name":"Shaded","section":"Shading Mode"},"sceneLighting":true,"audioPlay":false,"sceneViewState":{"showFog":true,"showMaterialUpdate":true,"showSkybox":true,"showFlares":true,"showImageEffects":true,"showParticleSystems":true},"in2DMode":false,"pivot":{"x":22.44634246826172,"y":-10.888106346130371,"z":-5.879589080810547},"rotation":{"x":0.13549008965492249,"y":0.809897780418396,"z":-0.20621274411678315,"w":0.5321903824806213},"size":15.834561347961426,"orthographic":false}